{
  "filters": [
    {
      "isAdvanced": false,
      "scope": "PRIVATE",
      "isDirty": true,
      "creatorLogin": "user5",
      "id": "d8ff0f1765a33dd8310572f1f39ad574509813a342b74d54ef13a5be7a52426c335165fc5e44945892b4120cf269f3502fd42bcb08015c1b6e9611e576030e42",
      "creationDate": 1665244105657,
      "derivedFromFilterId": "-1",
      "structuredFlowObjectFilter": {
        "tags": [],
        "types": [],
        "creator": [],
        "customCreationDateRange": {
          "from": 0,
          "to": 0
        },
        "customModificationDateRange": {
          "from": 0,
          "to": 0
        },
        "downstreamPredecessorsIds": [],
        "datasetTypes": [
          "UploadedFiles",
          "PostgreSQL"
        ],
        "recipeTypes": []
      },
      "removeFadedElements": false,
      "query": "(datasetType:UploadedFiles OR datasetType:PostgreSQL)"
    }
  ]
}