{
  "type": "sql_query",
  "neverRecomputeExistingPartitions": false,
  "optionalDependencies": false,
  "params": {
    "allowMultipleConnections": false,
    "displayExecutionPlan": true,
    "sqlPipelineParams": {
      "pipelineAllowStart": true,
      "pipelineAllowMerge": true
    },
    "skipPrerunValidate": false
  },
  "customMeta": {
    "kv": {}
  },
  "redispatchPartitioning": false,
  "maxRunningActivities": 0,
  "variables": {},
  "dkuProperties": [],
  "inputs": {
    "main": {
      "items": [
        {
          "ref": "UNDER_EIGHT_BEDROOMS",
          "deps": []
        }
      ]
    }
  },
  "outputs": {
    "main": {
      "items": [
        {
          "ref": "UNDER_EIGHT_BEDROOMS_TEN_BATHROOMS",
          "appendMode": false
        }
      ]
    }
  },
  "labels": [],
  "versionTag": {
    "versionNumber": 3,
    "lastModifiedBy": {
      "login": "user5"
    },
    "lastModifiedOn": 1665366626199
  },
  "creationTag": {
    "versionNumber": 0,
    "lastModifiedBy": {
      "login": "user5"
    },
    "lastModifiedOn": 1665366496056
  },
  "tags": [],
  "customFields": {},
  "checklists": {
    "checklists": []
  }
}