{
  "type": "join",
  "neverRecomputeExistingPartitions": false,
  "optionalDependencies": false,
  "customMeta": {
    "kv": {}
  },
  "redispatchPartitioning": false,
  "maxRunningActivities": 0,
  "variables": {},
  "dkuProperties": [],
  "inputs": {
    "main": {
      "items": [
        {
          "ref": "CLEAN_REALTOR_TABLE_NO_PUERTO_RICO",
          "deps": []
        },
        {
          "ref": "DATES_TABLE_prepared",
          "deps": []
        }
      ]
    }
  },
  "outputs": {
    "main": {
      "items": [
        {
          "ref": "BASE_NEW_DATE_MONTH_YEAR",
          "appendMode": false
        }
      ]
    }
  },
  "labels": [],
  "versionTag": {
    "versionNumber": 2,
    "lastModifiedBy": {
      "login": "user5"
    },
    "lastModifiedOn": 1665355796409
  },
  "creationTag": {
    "versionNumber": 0,
    "lastModifiedBy": {
      "login": "user5"
    },
    "lastModifiedOn": 1665352986186
  },
  "tags": [],
  "customFields": {},
  "checklists": {
    "checklists": []
  }
}