{
  "type": "sql_query",
  "neverRecomputeExistingPartitions": false,
  "optionalDependencies": false,
  "params": {
    "allowMultipleConnections": false,
    "displayExecutionPlan": true,
    "sqlPipelineParams": {
      "pipelineAllowStart": true,
      "pipelineAllowMerge": true
    },
    "skipPrerunValidate": false
  },
  "customMeta": {
    "kv": {}
  },
  "redispatchPartitioning": false,
  "maxRunningActivities": 0,
  "variables": {},
  "dkuProperties": [],
  "inputs": {
    "main": {
      "items": [
        {
          "ref": "DISTINCT_BASE_NEW_DATE_MONTH_YEAR_distinct",
          "deps": []
        }
      ]
    }
  },
  "outputs": {
    "main": {
      "items": [
        {
          "ref": "UNDER_EIGHT_BEDROOMS",
          "appendMode": false
        }
      ]
    }
  },
  "labels": [],
  "versionTag": {
    "versionNumber": 4,
    "lastModifiedBy": {
      "login": "user5"
    },
    "lastModifiedOn": 1665356857945
  },
  "creationTag": {
    "versionNumber": 0,
    "lastModifiedBy": {
      "login": "user5"
    },
    "lastModifiedOn": 1665356368361
  },
  "tags": [],
  "customFields": {},
  "checklists": {
    "checklists": []
  }
}