{
  "type": "PostgreSQL",
  "managed": true,
  "checklists": {
    "checklists": []
  },
  "checks": [],
  "customMeta": {
    "kv": {}
  },
  "flowOptions": {
    "virtualizable": false,
    "rebuildBehavior": "NORMAL",
    "crossProjectBuildBehavior": "DEFAULT"
  },
  "readWriteOptions": {
    "preserveOrder": false,
    "writeBuckets": 1,
    "forceSingleOutputFile": false,
    "defaultReadOrdering": {
      "enabled": false,
      "rules": []
    }
  },
  "partitioning": {
    "ignoreNonMatchingFile": false,
    "considerMissingRequestedPartitionsAsEmpty": false,
    "dimensions": []
  },
  "versionTag": {
    "versionNumber": 1,
    "lastModifiedBy": {
      "login": "user5"
    },
    "lastModifiedOn": 1670385129143
  },
  "creationTag": {
    "versionNumber": 0,
    "lastModifiedBy": {
      "login": "user5"
    },
    "lastModifiedOn": 1670385129138
  },
  "tags": [],
  "params": {
    "writeWithCopyBadDataBehavior": "NOVERIFY_ERROR",
    "connection": "postgresql_user5",
    "notReadyIfEmpty": false,
    "mode": "table",
    "partitioningType": "custom",
    "normalizeDoubles": true,
    "table": "${projectKey}_under_eight_bedrooms_ten_bathrooms_filtered",
    "tableCreationMode": "auto",
    "writeInsertBatchSize": 10000,
    "writeJDBCBadDataBehavior": "DISCARD_ROW",
    "readColsWithUnknownTzAsDates": false,
    "readSQLDateColsAsDSSDates": true
  },
  "schema": {
    "columns": [
      {
        "name": "status",
        "type": "string",
        "originalType": "text"
      },
      {
        "name": "price",
        "type": "int",
        "originalType": "int4"
      },
      {
        "name": "bed",
        "type": "int",
        "originalType": "int4"
      },
      {
        "name": "bath",
        "type": "int",
        "originalType": "int4"
      },
      {
        "name": "acre_lot",
        "type": "float",
        "originalType": "float4"
      },
      {
        "name": "full_address",
        "type": "string",
        "originalType": "text"
      },
      {
        "name": "street",
        "type": "string",
        "originalType": "text"
      },
      {
        "name": "city",
        "type": "string",
        "originalType": "text"
      },
      {
        "name": "state",
        "type": "string",
        "originalType": "text"
      },
      {
        "name": "zip_code",
        "type": "int",
        "originalType": "int4"
      },
      {
        "name": "house_size",
        "type": "int",
        "originalType": "int4"
      },
      {
        "name": "sold_date",
        "type": "string",
        "originalType": "text"
      },
      {
        "name": "sold_date_year",
        "type": "smallint",
        "originalType": "int2"
      },
      {
        "name": "sold_date_month",
        "type": "smallint",
        "originalType": "int2"
      }
    ],
    "userModified": true
  },
  "dkuProperties": [],
  "metrics": {
    "probes": [
      {
        "type": "basic",
        "enabled": true,
        "computeOnBuildMode": "PARTITION",
        "meta": {
          "name": "Basic data",
          "level": 0
        },
        "configuration": {}
      },
      {
        "type": "records",
        "enabled": true,
        "computeOnBuildMode": "NO",
        "meta": {
          "name": "Record count",
          "level": 0
        },
        "configuration": {}
      }
    ],
    "engineConfig": {
      "padRunsWithMetrics": false,
      "hive": {
        "active": true,
        "extraConf": []
      },
      "basic": {},
      "dss": {
        "active": true,
        "selection": {
          "useMemTable": false,
          "filter": {
            "distinct": false,
            "enabled": false
          },
          "partitionSelectionMethod": "ALL",
          "latestPartitionsN": 1,
          "ordering": {
            "enabled": false,
            "rules": []
          },
          "samplingMethod": "FULL",
          "maxRecords": -1,
          "targetRatio": 0.02,
          "withinFirstN": -1,
          "maxReadUncompressedBytes": -1
        }
      },
      "sql": {
        "active": true
      },
      "impala": {
        "active": true
      },
      "spark": {
        "active": true,
        "extraConf": []
      },
      "python": {}
    },
    "displayedState": {
      "columns": [],
      "metrics": [
        "basic:COUNT_COLUMNS",
        "records:COUNT_RECORDS"
      ]
    }
  },
  "metricsChecks": {
    "runOnBuild": false,
    "checks": [],
    "displayedState": {
      "checks": []
    }
  },
  "customFields": {}
}