{
  "name": "data dictionary",
  "layout": "WIKI_ARTICLE",
  "attachments": [
    {
      "attachmentType": "DSS_OBJECT",
      "taggableType": "DATASET",
      "smartId": "DataDictionary",
      "details": {},
      "attachedBy": "user5",
      "attachedOn": 1665370725267
    }
  ],
  "versionTag": {
    "versionNumber": 1,
    "lastModifiedBy": {
      "login": "user5"
    },
    "lastModifiedOn": 1665370725267
  },
  "creationTag": {
    "versionNumber": 0,
    "lastModifiedBy": {
      "login": "user5"
    },
    "lastModifiedOn": 1665370427593
  },
  "tags": [],
  "customFields": {},
  "checklists": {
    "checklists": []
  }
}