{
  "dataSpec": {
    "inputDatasetSmartName": "UNDER_EIGHT_BEDROOMS_TEN_BATHROOMS",
    "datasetSelection": {
      "useMemTable": false,
      "filter": {
        "distinct": false,
        "enabled": false
      },
      "partitionSelectionMethod": "ALL",
      "latestPartitionsN": 1,
      "ordering": {
        "enabled": false,
        "rules": []
      },
      "samplingMethod": "HEAD_SEQUENTIAL",
      "maxRecords": 100000,
      "targetRatio": 0.02,
      "withinFirstN": -1,
      "maxReadUncompressedBytes": -1
    },
    "autoRefreshSample": true,
    "refreshTrigger": 0,
    "containerSelection": {
      "containerMode": "INHERIT"
    }
  },
  "rootCard": {
    "type": "worksheet_root",
    "confidenceLevel": 0.95,
    "showConfidenceInterval": false,
    "cards": [
      {
        "type": "bivariate_header",
        "yColumn": {
          "name": "price",
          "type": "CONTINUOUS"
        },
        "showMosaicPlot": true,
        "showHistogram": true,
        "showScatterPlot": false,
        "showFrequencyTable": true,
        "showBoxPlot": true,
        "showSummary": true,
        "xColumns": [
          {
            "name": "state",
            "type": "CATEGORICAL"
          }
        ],
        "cards": [
          {
            "type": "column_card",
            "column": {
              "name": "state",
              "type": "CATEGORICAL"
            },
            "cards": [
              {
                "type": "bivariate_box_plot",
                "maxValues": 5,
                "groupOthers": true,
                "binningMode": "AUTO",
                "customBinningBoundaries": [],
                "xColumn": {
                  "name": "state",
                  "type": "CATEGORICAL"
                },
                "yColumn": {
                  "name": "price",
                  "type": "CONTINUOUS"
                },
                "id": "OEPlc11"
              },
              {
                "type": "bivariate_histogram",
                "xBinningMode": "AUTO",
                "yBinningMode": "AUTO",
                "maxValuesX": 5,
                "maxValuesY": 5,
                "groupWithOthersX": true,
                "groupWithOthersY": true,
                "xCustomBinningBoundaries": [],
                "yCustomBinningBoundaries": [],
                "xColumn": {
                  "name": "state",
                  "type": "CATEGORICAL"
                },
                "yColumn": {
                  "name": "price",
                  "type": "CONTINUOUS"
                },
                "id": "mFV7zdR"
              },
              {
                "type": "mosaic_plot",
                "xBinningMode": "AUTO",
                "yBinningMode": "AUTO",
                "maxValuesX": 5,
                "maxValuesY": 5,
                "groupWithOthersX": true,
                "groupWithOthersY": true,
                "xCustomBinningBoundaries": [],
                "yCustomBinningBoundaries": [],
                "xColumn": {
                  "name": "state",
                  "type": "CATEGORICAL"
                },
                "yColumn": {
                  "name": "price",
                  "type": "CONTINUOUS"
                },
                "id": "etcOVsi"
              },
              {
                "type": "bivariate_summary",
                "confidenceLevel": 0.95,
                "showConfidenceInterval": false,
                "compute": {
                  "spearman": true,
                  "pearson": true,
                  "totalCount": true,
                  "covariance": true,
                  "kendallTau": true,
                  "mutualInformation": true,
                  "completeCount": true
                },
                "xColumn": {
                  "name": "state",
                  "type": "CATEGORICAL"
                },
                "yColumn": {
                  "name": "price",
                  "type": "CONTINUOUS"
                },
                "id": "EzCqiHq"
              },
              {
                "type": "bivariate_frequency_table",
                "xBinningMode": "AUTO",
                "yBinningMode": "AUTO",
                "maxValuesX": 5,
                "maxValuesY": 5,
                "groupWithOthersX": true,
                "groupWithOthersY": true,
                "xCustomBinningBoundaries": [],
                "yCustomBinningBoundaries": [],
                "xColumn": {
                  "name": "state",
                  "type": "CATEGORICAL"
                },
                "yColumn": {
                  "name": "price",
                  "type": "CONTINUOUS"
                },
                "id": "eTQKiIf"
              }
            ],
            "id": "U1zW7lD"
          }
        ],
        "id": "GE525m1"
      }
    ],
    "id": "xTc0ibL"
  },
  "name": "Worksheet",
  "versionTag": {
    "versionNumber": 1,
    "lastModifiedBy": {
      "login": "user5"
    },
    "lastModifiedOn": 1665367566027
  },
  "creationTag": {
    "versionNumber": 0,
    "lastModifiedBy": {
      "login": "user5"
    },
    "lastModifiedOn": 1665367533530
  },
  "tags": [],
  "customFields": {},
  "checklists": {
    "checklists": []
  }
}